Event name,Event location,Event start date,Event start time,Event timezone,Tickets sold,Paid tickets sold,Complimentary tickets sold,Add-ons sold,Currency,Gross sales,Eventbrite service fee,Eventbrite payment processing fee,Eventbrite tax,Organizer tax,Royalty,Ticket revenue,Add-ons revenue,Ticket + add-ons revenue,Net sales
Free Adult Indoor Beach Volleyball Classes!,QBK Sports,2023-05-09,18:00:00,America/New_York,0,0,0,0,USD,0,0,0,0,0,0,0,0,0,0
Free Adult Indoor Beach Volleyball Classes!,QBK Sports,2023-05-16,18:00:00,America/New_York,3,0,3,0,USD,0,0,0,0,0,0,0,0,0,0
Free Adult Indoor Beach Volleyball Classes!,QBK Sports,2023-05-23,18:00:00,America/New_York,8,0,8,0,USD,0,0,0,0,0,0,0,0,0,0
Free Adult Indoor Beach Volleyball Classes!,QBK Sports,2023-05-30,18:00:00,America/New_York,2,0,2,0,USD,0,0,0,0,0,0,0,0,0,0
Free Adult Indoor Beach Volleyball Classes!,QBK Sports,2023-06-03,13:00:00,America/New_York,2,0,2,0,USD,0,0,0,0,0,0,0,0,0,0
Free Adult Indoor Beach Volleyball Classes!,QBK Sports,2023-06-06,18:00:00,America/New_York,6,0,6,0,USD,0,0,0,0,0,0,0,0,0,0
Free Adult Indoor Beach Volleyball Classes!,QBK Sports,2023-06-10,13:00:00,America/New_York,11,0,11,0,USD,0,0,0,0,0,0,0,0,0,0
Free Adult Indoor Beach Volleyball Classes!,QBK Sports,2023-06-13,18:00:00,America/New_York,12,0,12,0,USD,0,0,0,0,0,0,0,0,0,0
Free Adult Indoor Beach Volleyball Classes!,QBK Sports,2023-06-17,13:00:00,America/New_York,8,0,8,0,USD,0,0,0,0,0,0,0,0,0,0
Free Adult Indoor Beach Volleyball Classes!,QBK Sports,2023-06-20,18:00:00,America/New_York,12,0,12,0,USD,0,0,0,0,0,0,0,0,0,0
Free Adult Indoor Beach Volleyball Classes!,QBK Sports,2023-06-24,13:00:00,America/New_York,13,0,13,0,USD,0,0,0,0,0,0,0,0,0,0
Free Adult Indoor Beach Volleyball Classes!,QBK Sports,2023-06-27,18:00:00,America/New_York,9,0,9,0,USD,0,0,0,0,0,0,0,0,0,0
Free Adult Indoor Beach Volleyball Classes!,QBK Sports,2023-07-01,13:00:00,America/New_York,6,0,6,0,USD,0,0,0,0,0,0,0,0,0,0
Free Adult Indoor Beach Volleyball Classes!,QBK Sports,2023-07-08,13:00:00,America/New_York,8,0,8,0,USD,0,0,0,0,0,0,0,0,0,0
Free Adult Indoor Beach Volleyball Classes!,QBK Sports,2023-07-11,18:00:00,America/New_York,10,0,10,0,USD,0,0,0,0,0,0,0,0,0,0
Free Adult Indoor Beach Volleyball Classes!,QBK Sports,2023-07-15,13:00:00,America/New_York,13,0,13,0,USD,0,0,0,0,0,0,0,0,0,0
Free Adult Indoor Beach Volleyball Classes!,QBK Sports,2023-07-18,18:00:00,America/New_York,22,0,22,0,USD,0,0,0,0,0,0,0,0,0,0
Free Adult Indoor Beach Volleyball Classes!,QBK Sports,2023-07-22,13:00:00,America/New_York,36,0,36,0,USD,0,0,0,0,0,0,0,0,0,0
Free Adult Indoor Beach Volleyball Classes!,QBK Sports,2023-07-25,18:00:00,America/New_York,24,0,24,0,USD,0,0,0,0,0,0,0,0,0,0
Free Adult Indoor Beach Volleyball Classes!,QBK Sports,2023-07-29,11:00:00,America/New_York,20,0,20,0,USD,0,0,0,0,0,0,0,0,0,0
Free Adult Indoor Beach Volleyball Classes!,QBK Sports,2023-08-01,18:00:00,America/New_York,17,0,17,0,USD,0,0,0,0,0,0,0,0,0,0
Free Adult Indoor Beach Volleyball Classes!,QBK Sports,2023-08-05,13:00:00,America/New_York,21,0,21,0,USD,0,0,0,0,0,0,0,0,0,0
Free Adult Indoor Beach Volleyball Classes!,QBK Sports,2023-08-08,18:00:00,America/New_York,8,0,8,0,USD,0,0,0,0,0,0,0,0,0,0
Free Adult Indoor Beach Volleyball Classes!,QBK Sports,2023-08-12,13:00:00,America/New_York,12,0,12,0,USD,0,0,0,0,0,0,0,0,0,0
Free Adult Indoor Beach Volleyball Classes!,QBK Sports,2023-08-15,18:00:00,America/New_York,14,0,14,0,USD,0,0,0,0,0,0,0,0,0,0
Free Adult Indoor Beach Volleyball Classes!,QBK Sports,2023-08-22,18:00:00,America/New_York,16,0,16,0,USD,0,0,0,0,0,0,0,0,0,0
Free Adult Indoor Beach Volleyball Classes!,QBK Sports,2023-08-26,13:00:00,America/New_York,15,0,15,0,USD,0,0,0,0,0,0,0,0,0,0
Free Adult Indoor Beach Volleyball Classes!,QBK Sports,2023-08-29,18:00:00,America/New_York,8,0,8,0,USD,0,0,0,0,0,0,0,0,0,0
Free Adult Indoor Beach Volleyball Classes!,QBK Sports,2023-09-02,13:00:00,America/New_York,14,0,14,0,USD,0,0,0,0,0,0,0,0,0,0
Free Adult Indoor Beach Volleyball Classes!,QBK Sports,2023-09-05,18:00:00,America/New_York,8,0,8,0,USD,0,0,0,0,0,0,0,0,0,0
Free Adult Indoor Beach Volleyball Classes!,QBK Sports,2023-09-09,13:00:00,America/New_York,9,0,9,0,USD,0,0,0,0,0,0,0,0,0,0
Free Adult Indoor Beach Volleyball Classes!,QBK Sports,2023-09-12,18:00:00,America/New_York,5,0,5,0,USD,0,0,0,0,0,0,0,0,0,0
Free Adult Indoor Beach Volleyball Classes!,QBK Sports,2023-09-14,12:00:00,America/New_York,4,0,4,0,USD,0,0,0,0,0,0,0,0,0,0
Free Adult Indoor Beach Volleyball Classes!,QBK Sports,2023-09-16,13:00:00,America/New_York,29,0,29,0,USD,0,0,0,0,0,0,0,0,0,0
Free Adult Indoor Beach Volleyball Classes!,QBK Sports,2023-09-16,17:00:00,America/New_York,20,0,20,0,USD,0,0,0,0,0,0,0,0,0,0
Free Adult Indoor Beach Volleyball Classes!,QBK Sports,2023-09-17,17:00:00,America/New_York,30,0,30,0,USD,0,0,0,0,0,0,0,0,0,0
Free Adult Indoor Beach Volleyball Classes!,QBK Sports,2023-09-19,18:00:00,America/New_York,26,0,26,0,USD,0,0,0,0,0,0,0,0,0,0
Free Adult Indoor Beach Volleyball Classes!,QBK Sports,2023-09-19,21:00:00,America/New_York,6,0,6,0,USD,0,0,0,0,0,0,0,0,0,0
Free Adult Indoor Beach Volleyball Classes!,QBK Sports,2023-09-21,12:00:00,America/New_York,2,0,2,0,USD,0,0,0,0,0,0,0,0,0,0
Free Adult Indoor Beach Volleyball Classes!,QBK Sports,2023-09-23,13:00:00,America/New_York,29,0,29,0,USD,0,0,0,0,0,0,0,0,0,0
Free Adult Indoor Beach Volleyball Classes!,QBK Sports,2023-09-23,17:00:00,America/New_York,29,0,29,0,USD,0,0,0,0,0,0,0,0,0,0
Free Adult Indoor Beach Volleyball Classes!,QBK Sports,2023-09-24,17:00:00,America/New_York,30,0,30,0,USD,0,0,0,0,0,0,0,0,0,0
Free Adult Indoor Beach Volleyball Classes!,QBK Sports,2023-09-26,18:00:00,America/New_York,23,0,23,0,USD,0,0,0,0,0,0,0,0,0,0
Free Adult Indoor Beach Volleyball Classes!,QBK Sports,2023-09-30,13:00:00,America/New_York,25,0,25,0,USD,0,0,0,0,0,0,0,0,0,0
Free Adult Indoor Beach Volleyball Classes!,QBK Sports,2023-10-03,18:00:00,America/New_York,17,0,17,0,USD,0,0,0,0,0,0,0,0,0,0
Free Adult Indoor Beach Volleyball Classes!,QBK Sports,2023-10-07,13:00:00,America/New_York,24,0,24,0,USD,0,0,0,0,0,0,0,0,0,0
Free Adult Indoor Beach Volleyball Classes!,QBK Sports,2023-10-10,18:00:00,America/New_York,11,0,11,0,USD,0,0,0,0,0,0,0,0,0,0
Free Adult Indoor Beach Volleyball Classes!,QBK Sports,2023-10-14,13:00:00,America/New_York,30,0,30,0,USD,0,0,0,0,0,0,0,0,0,0
Free Adult Indoor Beach Volleyball Classes!,QBK Sports,2023-10-17,18:00:00,America/New_York,8,0,8,0,USD,0,0,0,0,0,0,0,0,0,0
Free Adult Indoor Beach Volleyball Classes!,QBK Sports,2023-10-21,13:00:00,America/New_York,12,0,12,0,USD,0,0,0,0,0,0,0,0,0,0
Free Adult Indoor Beach Volleyball Classes!,QBK Sports,2023-10-24,18:00:00,America/New_York,7,0,7,0,USD,0,0,0,0,0,0,0,0,0,0
Free Adult Indoor Beach Volleyball Classes!,QBK Sports,2023-10-28,13:00:00,America/New_York,11,0,11,0,USD,0,0,0,0,0,0,0,0,0,0
Free Adult Indoor Beach Volleyball Classes!,QBK Sports,2023-10-31,18:00:00,America/New_York,2,0,2,0,USD,0,0,0,0,0,0,0,0,0,0
Free Adult Indoor Beach Volleyball Classes!,QBK Sports,2023-11-04,12:00:00,America/New_York,11,0,11,0,USD,0,0,0,0,0,0,0,0,0,0
Free Adult Indoor Beach Volleyball Classes!,QBK Sports,2023-11-07,18:00:00,America/New_York,7,0,7,0,USD,0,0,0,0,0,0,0,0,0,0
Free Adult Indoor Beach Volleyball Classes!,QBK Sports,2023-11-11,12:00:00,America/New_York,18,0,18,0,USD,0,0,0,0,0,0,0,0,0,0
Free Adult Indoor Beach Volleyball Classes!,QBK Sports,2023-11-14,18:00:00,America/New_York,20,0,20,0,USD,0,0,0,0,0,0,0,0,0,0
Free Adult Indoor Beach Volleyball Classes!,QBK Sports,2023-11-18,12:00:00,America/New_York,26,0,26,0,USD,0,0,0,0,0,0,0,0,0,0
Free Adult Indoor Beach Volleyball Classes!,QBK Sports,2023-11-19,11:00:00,America/New_York,1,0,1,0,USD,0,0,0,0,0,0,0,0,0,0
Free Adult Indoor Beach Volleyball Classes!,QBK Sports,2023-11-21,18:00:00,America/New_York,5,0,5,0,USD,0,0,0,0,0,0,0,0,0,0
Free Adult Indoor Beach Volleyball Classes!,QBK Sports,2023-11-25,12:00:00,America/New_York,2,0,2,0,USD,0,0,0,0,0,0,0,0,0,0
Free Adult Indoor Beach Volleyball Classes!,QBK Sports,2023-11-28,18:00:00,America/New_York,6,0,6,0,USD,0,0,0,0,0,0,0,0,0,0
Free Adult Indoor Beach Volleyball Classes!,QBK Sports,2023-12-02,12:00:00,America/New_York,5,0,5,0,USD,0,0,0,0,0,0,0,0,0,0
Free Adult Indoor Beach Volleyball Classes!,QBK Sports,2023-12-05,18:00:00,America/New_York,11,0,11,0,USD,0,0,0,0,0,0,0,0,0,0
Free Adult Indoor Beach Volleyball Classes!,QBK Sports,2023-12-09,12:00:00,America/New_York,19,0,19,0,USD,0,0,0,0,0,0,0,0,0,0
Free Adult Indoor Beach Volleyball Classes!,QBK Sports,2023-12-12,18:00:00,America/New_York,10,0,10,0,USD,0,0,0,0,0,0,0,0,0,0
Free Adult Indoor Beach Volleyball Classes!,QBK Sports,2023-12-16,12:00:00,America/New_York,10,0,10,0,USD,0,0,0,0,0,0,0,0,0,0
Free Adult Indoor Beach Volleyball Classes!,QBK Sports,2023-12-19,18:00:00,America/New_York,4,0,4,0,USD,0,0,0,0,0,0,0,0,0,0
Free Adult Indoor Beach Volleyball Classes!,QBK Sports,2023-12-23,12:00:00,America/New_York,10,0,10,0,USD,0,0,0,0,0,0,0,0,0,0
Free Adult Indoor Beach Volleyball Classes!,QBK Sports,2023-12-26,18:00:00,America/New_York,10,0,10,0,USD,0,0,0,0,0,0,0,0,0,0
Free Adult Indoor Beach Volleyball Classes!,QBK Sports,2023-12-30,12:00:00,America/New_York,14,0,14,0,USD,0,0,0,0,0,0,0,0,0,0
Free Adult Indoor Beach Volleyball Classes!,QBK Sports,2024-01-02,18:00:00,America/New_York,8,0,8,0,USD,0,0,0,0,0,0,0,0,0,0
Free Adult Indoor Beach Volleyball Classes!,QBK Sports,2024-01-06,12:00:00,America/New_York,18,0,18,0,USD,0,0,0,0,0,0,0,0,0,0
Free Adult Indoor Beach Volleyball Classes!,QBK Sports,2024-01-09,18:00:00,America/New_York,8,0,8,0,USD,0,0,0,0,0,0,0,0,0,0
Free Adult Indoor Beach Volleyball Classes!,QBK Sports,2024-01-13,12:00:00,America/New_York,28,0,28,0,USD,0,0,0,0,0,0,0,0,0,0
Free Adult Indoor Beach Volleyball Classes!,QBK Sports,2024-01-16,18:00:00,America/New_York,7,0,7,0,USD,0,0,0,0,0,0,0,0,0,0
Free Adult Indoor Beach Volleyball Classes!,QBK Sports,2024-01-20,12:00:00,America/New_York,20,0,20,0,USD,0,0,0,0,0,0,0,0,0,0
Free Adult Indoor Beach Volleyball Classes!,QBK Sports,2024-01-23,18:00:00,America/New_York,16,0,16,0,USD,0,0,0,0,0,0,0,0,0,0
Free Adult Indoor Beach Volleyball Classes!,QBK Sports,2024-01-27,12:00:00,America/New_York,26,0,26,0,USD,0,0,0,0,0,0,0,0,0,0
Free Adult Indoor Beach Volleyball Classes!,QBK Sports,2024-01-30,18:00:00,America/New_York,23,0,23,0,USD,0,0,0,0,0,0,0,0,0,0
Free Adult Indoor Beach Volleyball Classes!,QBK Sports,2024-02-03,12:00:00,America/New_York,22,0,22,0,USD,0,0,0,0,0,0,0,0,0,0
Free Adult Indoor Beach Volleyball Classes!,QBK Sports,2024-02-06,18:00:00,America/New_York,14,0,14,0,USD,0,0,0,0,0,0,0,0,0,0
Free Adult Indoor Beach Volleyball Classes!,QBK Sports,2024-02-10,12:00:00,America/New_York,20,0,20,0,USD,0,0,0,0,0,0,0,0,0,0
Free Adult Indoor Beach Volleyball Classes!,QBK Sports,2024-02-13,18:00:00,America/New_York,8,0,8,0,USD,0,0,0,0,0,0,0,0,0,0
Free Adult Indoor Beach Volleyball Classes!,QBK Sports,2024-02-17,12:00:00,America/New_York,26,0,26,0,USD,0,0,0,0,0,0,0,0,0,0
Free Adult Indoor Beach Volleyball Classes!,QBK Sports,2024-02-20,18:00:00,America/New_York,21,0,21,0,USD,0,0,0,0,0,0,0,0,0,0
Free Adult Indoor Beach Volleyball Classes!,QBK Sports,2024-02-24,12:00:00,America/New_York,27,0,27,0,USD,0,0,0,0,0,0,0,0,0,0
Free Adult Indoor Beach Volleyball Classes!,QBK Sports,2024-02-27,18:00:00,America/New_York,10,0,10,0,USD,0,0,0,0,0,0,0,0,0,0
Free Adult Indoor Beach Volleyball Classes!,QBK Sports,2024-03-02,12:00:00,America/New_York,28,0,28,0,USD,0,0,0,0,0,0,0,0,0,0
Free Adult Indoor Beach Volleyball Classes!,QBK Sports,2024-03-03,13:00:00,America/New_York,26,0,26,0,USD,0,0,0,0,0,0,0,0,0,0
Free Adult Indoor Beach Volleyball Classes!,QBK Sports,2024-03-05,18:00:00,America/New_York,18,0,18,0,USD,0,0,0,0,0,0,0,0,0,0
Free Adult Indoor Beach Volleyball Classes!,QBK Sports,2024-03-09,12:00:00,America/New_York,28,0,28,0,USD,0,0,0,0,0,0,0,0,0,0
Free Adult Indoor Beach Volleyball Classes!,QBK Sports,2024-03-10,13:00:00,America/New_York,30,0,30,0,USD,0,0,0,0,0,0,0,0,0,0
Free Adult Indoor Beach Volleyball Classes!,QBK Sports,2024-03-12,18:00:00,America/New_York,20,0,20,0,USD,0,0,0,0,0,0,0,0,0,0
Free Adult Indoor Beach Volleyball Classes!,QBK Sports,2024-03-16,12:00:00,America/New_York,29,0,29,0,USD,0,0,0,0,0,0,0,0,0,0
Free Adult Indoor Beach Volleyball Classes!,QBK Sports,2024-03-17,13:00:00,America/New_York,18,0,18,0,USD,0,0,0,0,0,0,0,0,0,0
Free Adult Indoor Beach Volleyball Classes!,QBK Sports,2024-03-19,18:00:00,America/New_York,13,0,13,0,USD,0,0,0,0,0,0,0,0,0,0
Free Adult Indoor Beach Volleyball Classes!,QBK Sports,2024-03-23,12:00:00,America/New_York,22,0,22,0,USD,0,0,0,0,0,0,0,0,0,0
Free Adult Indoor Beach Volleyball Classes!,QBK Sports,2024-03-24,13:00:00,America/New_York,11,0,11,0,USD,0,0,0,0,0,0,0,0,0,0
Free Adult Indoor Beach Volleyball Classes!,QBK Sports,2024-03-26,18:00:00,America/New_York,6,0,6,0,USD,0,0,0,0,0,0,0,0,0,0
Free Adult Indoor Beach Volleyball Classes!,QBK Sports,2024-03-30,12:00:00,America/New_York,14,0,14,0,USD,0,0,0,0,0,0,0,0,0,0
Free Adult Indoor Beach Volleyball Classes!,QBK Sports,2024-03-31,13:00:00,America/New_York,16,0,16,0,USD,0,0,0,0,0,0,0,0,0,0
Free Adult Indoor Beach Volleyball Classes!,QBK Sports,2024-04-02,18:00:00,America/New_York,11,0,11,0,USD,0,0,0,0,0,0,0,0,0,0
Free Adult Indoor Beach Volleyball Classes!,QBK Sports,2024-04-06,12:00:00,America/New_York,19,0,19,0,USD,0,0,0,0,0,0,0,0,0,0
Free Adult Indoor Beach Volleyball Classes!,QBK Sports,2024-04-07,13:00:00,America/New_York,6,0,6,0,USD,0,0,0,0,0,0,0,0,0,0
Free Adult Indoor Beach Volleyball Classes!,QBK Sports,2024-04-09,18:00:00,America/New_York,19,0,19,0,USD,0,0,0,0,0,0,0,0,0,0
Free Adult Indoor Beach Volleyball Classes!,QBK Sports,2024-04-13,12:00:00,America/New_York,8,0,8,0,USD,0,0,0,0,0,0,0,0,0,0
Free Adult Indoor Beach Volleyball Classes!,QBK Sports,2024-04-14,13:00:00,America/New_York,13,0,13,0,USD,0,0,0,0,0,0,0,0,0,0
Free Adult Indoor Beach Volleyball Classes!,QBK Sports,2024-04-16,18:00:00,America/New_York,10,0,10,0,USD,0,0,0,0,0,0,0,0,0,0
Free Adult Indoor Beach Volleyball Classes!,QBK Sports,2024-04-20,12:00:00,America/New_York,14,0,14,0,USD,0,0,0,0,0,0,0,0,0,0
Free Adult Indoor Beach Volleyball Classes!,QBK Sports,2024-04-21,13:00:00,America/New_York,7,0,7,0,USD,0,0,0,0,0,0,0,0,0,0
Free Adult Indoor Beach Volleyball Classes!,QBK Sports,2024-04-23,18:00:00,America/New_York,12,0,12,0,USD,0,0,0,0,0,0,0,0,0,0
Free Adult Indoor Beach Volleyball Classes!,QBK Sports,2024-04-27,12:00:00,America/New_York,12,0,12,0,USD,0,0,0,0,0,0,0,0,0,0
Free Adult Indoor Beach Volleyball Classes!,QBK Sports,2024-04-28,13:00:00,America/New_York,12,0,12,0,USD,0,0,0,0,0,0,0,0,0,0
Free Adult Indoor Beach Volleyball Classes!,QBK Sports,2024-04-30,18:00:00,America/New_York,11,0,11,0,USD,0,0,0,0,0,0,0,0,0,0
Free Adult Indoor Beach Volleyball Classes!,QBK Sports,2024-05-04,12:00:00,America/New_York,13,0,13,0,USD,0,0,0,0,0,0,0,0,0,0
Free Adult Indoor Beach Volleyball Classes!,QBK Sports,2024-05-05,13:00:00,America/New_York,14,0,14,0,USD,0,0,0,0,0,0,0,0,0,0
Free Adult Indoor Beach Volleyball Classes!,QBK Sports,2024-05-07,18:00:00,America/New_York,12,0,12,0,USD,0,0,0,0,0,0,0,0,0,0
Free Adult Indoor Beach Volleyball Classes!,QBK Sports,2024-05-11,12:00:00,America/New_York,12,0,12,0,USD,0,0,0,0,0,0,0,0,0,0
Free Adult Indoor Beach Volleyball Classes!,QBK Sports,2024-05-12,13:00:00,America/New_York,4,0,4,0,USD,0,0,0,0,0,0,0,0,0,0
Free Adult Indoor Beach Volleyball Classes!,QBK Sports,2024-05-14,18:00:00,America/New_York,10,0,10,0,USD,0,0,0,0,0,0,0,0,0,0
Free Adult Indoor Beach Volleyball Classes!,QBK Sports,2024-05-18,12:00:00,America/New_York,19,0,19,0,USD,0,0,0,0,0,0,0,0,0,0
Free Adult Indoor Beach Volleyball Classes!,QBK Sports,2024-05-19,13:00:00,America/New_York,16,0,16,0,USD,0,0,0,0,0,0,0,0,0,0
Free Adult Indoor Beach Volleyball Classes!,QBK Sports,2024-05-21,18:00:00,America/New_York,7,0,7,0,USD,0,0,0,0,0,0,0,0,0,0
Free Adult Indoor Beach Volleyball Classes!,QBK Sports,2024-05-25,12:00:00,America/New_York,14,0,14,0,USD,0,0,0,0,0,0,0,0,0,0
Free Adult Indoor Beach Volleyball Classes!,QBK Sports,2024-05-26,13:00:00,America/New_York,7,0,7,0,USD,0,0,0,0,0,0,0,0,0,0
Free Adult Indoor Beach Volleyball Classes!,QBK Sports,2024-05-28,18:00:00,America/New_York,13,0,13,0,USD,0,0,0,0,0,0,0,0,0,0
Free Adult Indoor Beach Volleyball Classes!,QBK Sports,2024-06-01,12:00:00,America/New_York,9,0,9,0,USD,0,0,0,0,0,0,0,0,0,0
Free Adult Indoor Beach Volleyball Classes!,QBK Sports,2024-06-02,13:00:00,America/New_York,21,0,21,0,USD,0,0,0,0,0,0,0,0,0,0
Free Adult Indoor Beach Volleyball Classes!,QBK Sports,2024-06-04,18:00:00,America/New_York,15,0,15,0,USD,0,0,0,0,0,0,0,0,0,0
Free Adult Indoor Beach Volleyball Classes!,QBK Sports,2024-06-08,12:00:00,America/New_York,19,0,19,0,USD,0,0,0,0,0,0,0,0,0,0
Free Adult Indoor Beach Volleyball Classes!,QBK Sports,2024-06-09,13:00:00,America/New_York,9,0,9,0,USD,0,0,0,0,0,0,0,0,0,0
Free Adult Indoor Beach Volleyball Classes!,QBK Sports,2024-06-11,18:00:00,America/New_York,8,0,8,0,USD,0,0,0,0,0,0,0,0,0,0
Free Adult Indoor Beach Volleyball Classes!,QBK Sports,2024-06-15,12:00:00,America/New_York,28,0,28,0,USD,0,0,0,0,0,0,0,0,0,0
Free Adult Indoor Beach Volleyball Classes!,QBK Sports,2024-06-16,13:00:00,America/New_York,11,0,11,0,USD,0,0,0,0,0,0,0,0,0,0
Free Adult Indoor Beach Volleyball Classes!,QBK Sports,2024-06-18,18:00:00,America/New_York,8,0,8,0,USD,0,0,0,0,0,0,0,0,0,0
Free Adult Indoor Beach Volleyball Classes!,QBK Sports,2024-06-22,12:00:00,America/New_York,25,0,25,0,USD,0,0,0,0,0,0,0,0,0,0
Free Adult Indoor Beach Volleyball Classes!,QBK Sports,2024-06-23,13:00:00,America/New_York,15,0,15,0,USD,0,0,0,0,0,0,0,0,0,0
Free Adult Indoor Beach Volleyball Classes!,QBK Sports,2024-06-25,18:00:00,America/New_York,10,0,10,0,USD,0,0,0,0,0,0,0,0,0,0
Free Adult Indoor Beach Volleyball Classes!,QBK Sports,2024-06-29,12:00:00,America/New_York,25,0,25,0,USD,0,0,0,0,0,0,0,0,0,0
Free Adult Indoor Beach Volleyball Classes!,QBK Sports,2024-06-30,13:00:00,America/New_York,10,0,10,0,USD,0,0,0,0,0,0,0,0,0,0
Free Adult Indoor Beach Volleyball Classes!,QBK Sports,2024-07-02,18:00:00,America/New_York,23,0,23,0,USD,0,0,0,0,0,0,0,0,0,0
Free Adult Indoor Beach Volleyball Classes!,QBK Sports,2024-07-06,12:00:00,America/New_York,22,0,22,0,USD,0,0,0,0,0,0,0,0,0,0
Free Adult Indoor Beach Volleyball Classes!,QBK Sports,2024-07-07,13:00:00,America/New_York,9,0,9,0,USD,0,0,0,0,0,0,0,0,0,0
Free Adult Indoor Beach Volleyball Classes!,QBK Sports,2024-07-09,18:00:00,America/New_York,3,0,3,0,USD,0,0,0,0,0,0,0,0,0,0
Free Adult Indoor Beach Volleyball Classes!,QBK Sports,2024-07-13,12:00:00,America/New_York,22,0,22,0,USD,0,0,0,0,0,0,0,0,0,0
Free Adult Indoor Beach Volleyball Classes!,QBK Sports,2024-07-14,13:00:00,America/New_York,20,0,20,0,USD,0,0,0,0,0,0,0,0,0,0
Free Adult Indoor Beach Volleyball Classes!,QBK Sports,2024-07-16,18:00:00,America/New_York,13,0,13,0,USD,0,0,0,0,0,0,0,0,0,0
Free Adult Indoor Beach Volleyball Classes!,QBK Sports,2024-07-20,12:00:00,America/New_York,13,0,13,0,USD,0,0,0,0,0,0,0,0,0,0
Free Adult Indoor Beach Volleyball Classes!,QBK Sports,2024-07-21,13:00:00,America/New_York,3,0,3,0,USD,0,0,0,0,0,0,0,0,0,0
Free Adult Indoor Beach Volleyball Classes!,QBK Sports,2024-07-23,18:00:00,America/New_York,11,0,11,0,USD,0,0,0,0,0,0,0,0,0,0
Free Adult Indoor Beach Volleyball Classes!,QBK Sports,2024-07-27,12:00:00,America/New_York,24,0,24,0,USD,0,0,0,0,0,0,0,0,0,0
Free Adult Indoor Beach Volleyball Classes!,QBK Sports,2024-07-28,13:00:00,America/New_York,17,0,17,0,USD,0,0,0,0,0,0,0,0,0,0
Free Adult Indoor Beach Volleyball Classes!,QBK Sports,2024-07-30,18:00:00,America/New_York,13,0,13,0,USD,0,0,0,0,0,0,0,0,0,0
Free Adult Indoor Beach Volleyball Classes!,QBK Sports,2024-08-03,12:00:00,America/New_York,24,0,24,0,USD,0,0,0,0,0,0,0,0,0,0
Free Adult Indoor Beach Volleyball Classes!,QBK Sports,2024-08-04,13:00:00,America/New_York,19,0,19,0,USD,0,0,0,0,0,0,0,0,0,0
Free Adult Indoor Beach Volleyball Classes!,QBK Sports,2024-08-06,18:00:00,America/New_York,9,0,9,0,USD,0,0,0,0,0,0,0,0,0,0
Free Adult Indoor Beach Volleyball Classes!,QBK Sports,2024-08-10,12:00:00,America/New_York,21,0,21,0,USD,0,0,0,0,0,0,0,0,0,0
Free Adult Indoor Beach Volleyball Classes!,QBK Sports,2024-08-11,13:00:00,America/New_York,12,0,12,0,USD,0,0,0,0,0,0,0,0,0,0
Free Adult Indoor Beach Volleyball Classes!,QBK Sports,2024-08-13,18:00:00,America/New_York,10,0,10,0,USD,0,0,0,0,0,0,0,0,0,0
Free Adult Indoor Beach Volleyball Classes!,QBK Sports,2024-08-20,18:00:00,America/New_York,18,0,18,0,USD,0,0,0,0,0,0,0,0,0,0
Free Adult Indoor Beach Volleyball Classes!,QBK Sports,2024-08-24,12:00:00,America/New_York,16,0,16,0,USD,0,0,0,0,0,0,0,0,0,0
Free Adult Indoor Beach Volleyball Classes!,QBK Sports,2024-08-25,13:00:00,America/New_York,14,0,14,0,USD,0,0,0,0,0,0,0,0,0,0
Free Adult Indoor Beach Volleyball Classes!,QBK Sports,2024-08-27,18:00:00,America/New_York,9,0,9,0,USD,0,0,0,0,0,0,0,0,0,0
Free Adult Indoor Beach Volleyball Classes!,QBK Sports,2024-08-31,12:00:00,America/New_York,17,0,17,0,USD,0,0,0,0,0,0,0,0,0,0
Free Adult Indoor Beach Volleyball Classes!,QBK Sports,2024-09-01,13:00:00,America/New_York,10,0,10,0,USD,0,0,0,0,0,0,0,0,0,0
Free Adult Indoor Beach Volleyball Classes!,QBK Sports,2024-09-03,18:00:00,America/New_York,10,0,10,0,USD,0,0,0,0,0,0,0,0,0,0
Free Adult Indoor Beach Volleyball Classes!,QBK Sports,2024-09-07,12:00:00,America/New_York,9,0,9,0,USD,0,0,0,0,0,0,0,0,0,0
Free Adult Indoor Beach Volleyball Classes!,QBK Sports,2024-09-08,13:00:00,America/New_York,6,0,6,0,USD,0,0,0,0,0,0,0,0,0,0
Free Adult Indoor Beach Volleyball Classes!,QBK Sports,2024-09-10,18:00:00,America/New_York,11,0,11,0,USD,0,0,0,0,0,0,0,0,0,0
Free Adult Indoor Beach Volleyball Classes!,QBK Sports,2024-09-14,12:00:00,America/New_York,7,0,7,0,USD,0,0,0,0,0,0,0,0,0,0
Free Adult Indoor Beach Volleyball Classes!,QBK Sports,2024-09-15,13:00:00,America/New_York,5,0,5,0,USD,0,0,0,0,0,0,0,0,0,0
Free Adult Indoor Beach Volleyball Classes!,QBK Sports,2024-09-17,18:00:00,America/New_York,3,0,3,0,USD,0,0,0,0,0,0,0,0,0,0
Free Adult Indoor Beach Volleyball Classes!,QBK Sports,2024-09-21,12:00:00,America/New_York,16,0,16,0,USD,0,0,0,0,0,0,0,0,0,0
Free Adult Indoor Beach Volleyball Classes!,QBK Sports,2024-09-22,13:00:00,America/New_York,9,0,9,0,USD,0,0,0,0,0,0,0,0,0,0
Free Adult Indoor Beach Volleyball Classes!,QBK Sports,2024-09-24,18:00:00,America/New_York,4,0,4,0,USD,0,0,0,0,0,0,0,0,0,0
Free Adult Indoor Beach Volleyball Classes!,QBK Sports,2024-09-28,12:00:00,America/New_York,9,0,9,0,USD,0,0,0,0,0,0,0,0,0,0
Free Adult Indoor Beach Volleyball Classes!,QBK Sports,2024-09-29,13:00:00,America/New_York,8,0,8,0,USD,0,0,0,0,0,0,0,0,0,0
Free Adult Indoor Beach Volleyball Classes!,QBK Sports,2024-10-01,18:00:00,America/New_York,11,0,11,0,USD,0,0,0,0,0,0,0,0,0,0
Free Adult Indoor Beach Volleyball Classes!,QBK Sports,2024-10-05,12:00:00,America/New_York,8,0,8,0,USD,0,0,0,0,0,0,0,0,0,0
Free Adult Indoor Beach Volleyball Classes!,QBK Sports,2024-10-06,13:00:00,America/New_York,13,0,13,0,USD,0,0,0,0,0,0,0,0,0,0
Free Adult Indoor Beach Volleyball Classes!,QBK Sports,2024-10-08,18:00:00,America/New_York,2,0,2,0,USD,0,0,0,0,0,0,0,0,0,0
Free Adult Indoor Beach Volleyball Classes!,QBK Sports,2024-10-12,12:00:00,America/New_York,12,0,12,0,USD,0,0,0,0,0,0,0,0,0,0
Free Adult Indoor Beach Volleyball Classes!,QBK Sports,2024-10-13,13:00:00,America/New_York,8,0,8,0,USD,0,0,0,0,0,0,0,0,0,0
Free Adult Indoor Beach Volleyball Classes!,QBK Sports,2024-10-15,18:00:00,America/New_York,9,0,9,0,USD,0,0,0,0,0,0,0,0,0,0
Free Adult Indoor Beach Volleyball Classes!,QBK Sports,2024-10-19,12:00:00,America/New_York,17,0,17,0,USD,0,0,0,0,0,0,0,0,0,0
Free Adult Indoor Beach Volleyball Classes!,QBK Sports,2024-10-20,13:00:00,America/New_York,11,0,11,0,USD,0,0,0,0,0,0,0,0,0,0
Free Adult Indoor Beach Volleyball Classes!,QBK Sports,2024-10-22,18:00:00,America/New_York,9,0,9,0,USD,0,0,0,0,0,0,0,0,0,0
Free Adult Indoor Beach Volleyball Classes!,QBK Sports,2024-10-26,12:00:00,America/New_York,5,0,5,0,USD,0,0,0,0,0,0,0,0,0,0
Free Adult Indoor Beach Volleyball Classes!,QBK Sports,2024-10-27,13:00:00,America/New_York,9,0,9,0,USD,0,0,0,0,0,0,0,0,0,0
Free Adult Indoor Beach Volleyball Classes!,QBK Sports,2024-10-29,18:00:00,America/New_York,4,0,4,0,USD,0,0,0,0,0,0,0,0,0,0
Free Adult Indoor Beach Volleyball Classes!,QBK Sports,2024-11-02,12:00:00,America/New_York,9,0,9,0,USD,0,0,0,0,0,0,0,0,0,0
Free Adult Indoor Beach Volleyball Classes!,QBK Sports,2024-11-03,13:00:00,America/New_York,4,0,4,0,USD,0,0,0,0,0,0,0,0,0,0
Free Adult Indoor Beach Volleyball Classes!,QBK Sports,2024-11-05,18:00:00,America/New_York,8,0,8,0,USD,0,0,0,0,0,0,0,0,0,0
Free Adult Indoor Beach Volleyball Classes!,QBK Sports,2024-11-09,12:00:00,America/New_York,7,0,7,0,USD,0,0,0,0,0,0,0,0,0,0
Free Adult Indoor Beach Volleyball Classes!,QBK Sports,2024-11-10,13:00:00,America/New_York,13,0,13,0,USD,0,0,0,0,0,0,0,0,0,0
Free Adult Indoor Beach Volleyball Classes!,QBK Sports,2024-11-12,18:00:00,America/New_York,3,0,3,0,USD,0,0,0,0,0,0,0,0,0,0
Free Adult Indoor Beach Volleyball Classes!,QBK Sports,2024-11-16,12:00:00,America/New_York,8,0,8,0,USD,0,0,0,0,0,0,0,0,0,0
Free Adult Indoor Beach Volleyball Classes!,QBK Sports,2024-11-17,13:00:00,America/New_York,6,0,6,0,USD,0,0,0,0,0,0,0,0,0,0
Free Adult Indoor Beach Volleyball Classes!,QBK Sports,2024-11-19,18:00:00,America/New_York,5,0,5,0,USD,0,0,0,0,0,0,0,0,0,0
Free Adult Indoor Beach Volleyball Classes!,QBK Sports,2024-11-23,12:00:00,America/New_York,11,0,11,0,USD,0,0,0,0,0,0,0,0,0,0
Free Adult Indoor Beach Volleyball Classes!,QBK Sports,2024-11-24,13:00:00,America/New_York,5,0,5,0,USD,0,0,0,0,0,0,0,0,0,0
Free Adult Indoor Beach Volleyball Classes!,QBK Sports,2024-11-26,18:00:00,America/New_York,3,0,3,0,USD,0,0,0,0,0,0,0,0,0,0
Free Adult Indoor Beach Volleyball Classes!,QBK Sports,2024-11-30,12:00:00,America/New_York,13,0,13,0,USD,0,0,0,0,0,0,0,0,0,0
Free Adult Indoor Beach Volleyball Classes!,QBK Sports,2024-12-01,13:00:00,America/New_York,4,0,4,0,USD,0,0,0,0,0,0,0,0,0,0
Free Adult Indoor Beach Volleyball Classes!,QBK Sports,2024-12-03,18:00:00,America/New_York,5,0,5,0,USD,0,0,0,0,0,0,0,0,0,0
Free Adult Indoor Beach Volleyball Classes!,QBK Sports,2024-12-07,12:00:00,America/New_York,10,0,10,0,USD,0,0,0,0,0,0,0,0,0,0
Free Adult Indoor Beach Volleyball Classes!,QBK Sports,2024-12-08,13:00:00,America/New_York,12,0,12,0,USD,0,0,0,0,0,0,0,0,0,0
Free Adult Indoor Beach Volleyball Classes!,QBK Sports,2024-12-10,18:00:00,America/New_York,9,0,9,0,USD,0,0,0,0,0,0,0,0,0,0
Free Adult Indoor Beach Volleyball Classes!,QBK Sports,2024-12-14,12:00:00,America/New_York,11,0,11,0,USD,0,0,0,0,0,0,0,0,0,0
Free Adult Indoor Beach Volleyball Classes!,QBK Sports,2024-12-15,13:00:00,America/New_York,11,0,11,0,USD,0,0,0,0,0,0,0,0,0,0
Free Adult Indoor Beach Volleyball Classes!,QBK Sports,2024-12-21,12:00:00,America/New_York,10,0,10,0,USD,0,0,0,0,0,0,0,0,0,0
Free Adult Indoor Beach Volleyball Classes!,QBK Sports,2024-12-22,13:00:00,America/New_York,11,0,11,0,USD,0,0,0,0,0,0,0,0,0,0
Free Adult Indoor Beach Volleyball Classes!,QBK Sports,2024-12-28,12:00:00,America/New_York,3,0,3,0,USD,0,0,0,0,0,0,0,0,0,0
Free Adult Indoor Beach Volleyball Classes!,QBK Sports,2024-12-29,13:00:00,America/New_York,2,0,2,0,USD,0,0,0,0,0,0,0,0,0,0
Free Adult Indoor Beach Volleyball Classes!,QBK Sports,2025-01-04,12:00:00,America/New_York,18,0,18,0,USD,0,0,0,0,0,0,0,0,0,0
Free Adult Indoor Beach Volleyball Classes!,QBK Sports,2025-01-05,13:00:00,America/New_York,17,0,17,0,USD,0,0,0,0,0,0,0,0,0,0
Free Adult Indoor Beach Volleyball Classes!,QBK Sports,2025-01-07,18:00:00,America/New_York,21,0,21,0,USD,0,0,0,0,0,0,0,0,0,0
Free Adult Indoor Beach Volleyball Classes!,QBK Sports,2025-01-11,12:00:00,America/New_York,22,0,22,0,USD,0,0,0,0,0,0,0,0,0,0
Free Adult Indoor Beach Volleyball Classes!,QBK Sports,2025-01-12,13:00:00,America/New_York,23,0,23,0,USD,0,0,0,0,0,0,0,0,0,0
Free Adult Indoor Beach Volleyball Classes!,QBK Sports,2025-01-14,18:00:00,America/New_York,22,0,22,0,USD,0,0,0,0,0,0,0,0,0,0
Free Adult Indoor Beach Volleyball Classes!,QBK Sports,2025-01-18,12:00:00,America/New_York,20,0,20,0,USD,0,0,0,0,0,0,0,0,0,0
Free Adult Indoor Beach Volleyball Classes!,QBK Sports,2025-01-19,13:00:00,America/New_York,12,0,12,0,USD,0,0,0,0,0,0,0,0,0,0
Free Adult Indoor Beach Volleyball Classes!,QBK Sports,2025-01-20,18:00:00,America/New_York,3,0,3,0,USD,0,0,0,0,0,0,0,0,0,0
Free Adult Indoor Beach Volleyball Classes!,QBK Sports,2025-01-21,18:00:00,America/New_York,6,0,6,0,USD,0,0,0,0,0,0,0,0,0,0
Free Adult Indoor Beach Volleyball Classes!,QBK Sports,2025-01-25,12:00:00,America/New_York,14,0,14,0,USD,0,0,0,0,0,0,0,0,0,0
Free Adult Indoor Beach Volleyball Classes!,QBK Sports,2025-01-26,13:00:00,America/New_York,13,0,13,0,USD,0,0,0,0,0,0,0,0,0,0
Free Adult Indoor Beach Volleyball Classes!,QBK Sports,2025-01-28,18:00:00,America/New_York,14,0,14,0,USD,0,0,0,0,0,0,0,0,0,0
Free Adult Indoor Beach Volleyball Classes!,QBK Sports,2025-02-01,12:00:00,America/New_York,23,0,23,0,USD,0,0,0,0,0,0,0,0,0,0
Free Adult Indoor Beach Volleyball Classes!,QBK Sports,2025-02-02,13:00:00,America/New_York,13,0,13,0,USD,0,0,0,0,0,0,0,0,0,0
Free Adult Indoor Beach Volleyball Classes!,QBK Sports,2025-02-04,18:00:00,America/New_York,6,0,6,0,USD,0,0,0,0,0,0,0,0,0,0
Free Adult Indoor Beach Volleyball Classes!,QBK Sports,2025-02-08,12:00:00,America/New_York,13,0,13,0,USD,0,0,0,0,0,0,0,0,0,0
Free Adult Indoor Beach Volleyball Classes!,QBK Sports,2025-02-09,13:00:00,America/New_York,4,0,4,0,USD,0,0,0,0,0,0,0,0,0,0
Free Adult Indoor Beach Volleyball Classes!,QBK Sports,2025-02-11,18:00:00,America/New_York,18,0,18,0,USD,0,0,0,0,0,0,0,0,0,0
Free Adult Indoor Beach Volleyball Classes!,QBK Sports,2025-02-15,12:00:00,America/New_York,21,0,21,0,USD,0,0,0,0,0,0,0,0,0,0
Free Adult Indoor Beach Volleyball Classes!,QBK Sports,2025-02-16,13:00:00,America/New_York,12,0,12,0,USD,0,0,0,0,0,0,0,0,0,0
Free Adult Indoor Beach Volleyball Classes!,QBK Sports,2025-02-18,18:00:00,America/New_York,6,0,6,0,USD,0,0,0,0,0,0,0,0,0,0
Free Adult Indoor Beach Volleyball Classes!,QBK Sports,2025-02-22,12:00:00,America/New_York,21,0,21,0,USD,0,0,0,0,0,0,0,0,0,0
Free Adult Indoor Beach Volleyball Classes!,QBK Sports,2025-02-23,13:00:00,America/New_York,9,0,9,0,USD,0,0,0,0,0,0,0,0,0,0
Free Adult Indoor Beach Volleyball Classes!,QBK Sports,2025-02-25,18:00:00,America/New_York,8,0,8,0,USD,0,0,0,0,0,0,0,0,0,0
Free Adult Indoor Beach Volleyball Classes!,QBK Sports,2025-03-01,12:00:00,America/New_York,7,0,7,0,USD,0,0,0,0,0,0,0,0,0,0
Free Adult Indoor Beach Volleyball Classes!,QBK Sports,2025-03-02,13:00:00,America/New_York,13,0,13,0,USD,0,0,0,0,0,0,0,0,0,0
Free Adult Indoor Beach Volleyball Classes!,QBK Sports,2025-03-04,18:00:00,America/New_York,1,0,1,0,USD,0,0,0,0,0,0,0,0,0,0
Free Adult Indoor Beach Volleyball Classes!,QBK Sports,2025-03-08,12:00:00,America/New_York,28,0,28,0,USD,0,0,0,0,0,0,0,0,0,0
Free Adult Indoor Beach Volleyball Classes!,QBK Sports,2025-03-09,13:00:00,America/New_York,20,0,20,0,USD,0,0,0,0,0,0,0,0,0,0
Free Adult Indoor Beach Volleyball Classes!,QBK Sports,2025-03-11,18:00:00,America/New_York,7,0,7,0,USD,0,0,0,0,0,0,0,0,0,0
Free Adult Indoor Beach Volleyball Classes!,QBK Sports,2025-03-15,12:00:00,America/New_York,14,0,14,0,USD,0,0,0,0,0,0,0,0,0,0
Free Adult Indoor Beach Volleyball Classes!,QBK Sports,2025-03-16,13:00:00,America/New_York,13,0,13,0,USD,0,0,0,0,0,0,0,0,0,0
Free Adult Indoor Beach Volleyball Classes!,QBK Sports,2025-03-18,18:00:00,America/New_York,8,0,8,0,USD,0,0,0,0,0,0,0,0,0,0
Free Adult Indoor Beach Volleyball Classes!,QBK Sports,2025-03-22,12:00:00,America/New_York,12,0,12,0,USD,0,0,0,0,0,0,0,0,0,0
Free Adult Indoor Beach Volleyball Classes!,QBK Sports,2025-03-23,13:00:00,America/New_York,10,0,10,0,USD,0,0,0,0,0,0,0,0,0,0
Free Adult Indoor Beach Volleyball Classes!,QBK Sports,2025-03-25,18:00:00,America/New_York,3,0,3,0,USD,0,0,0,0,0,0,0,0,0,0
Free Adult Indoor Beach Volleyball Classes!,QBK Sports,2025-03-29,12:00:00,America/New_York,12,0,12,0,USD,0,0,0,0,0,0,0,0,0,0
Free Adult Indoor Beach Volleyball Classes!,QBK Sports,2025-03-30,13:00:00,America/New_York,14,0,14,0,USD,0,0,0,0,0,0,0,0,0,0
Free Adult Indoor Beach Volleyball Classes!,QBK Sports,2025-04-01,18:00:00,America/New_York,5,0,5,0,USD,0,0,0,0,0,0,0,0,0,0
Free Adult Indoor Beach Volleyball Classes!,QBK Sports,2025-04-05,12:00:00,America/New_York,6,0,6,0,USD,0,0,0,0,0,0,0,0,0,0
Free Adult Indoor Beach Volleyball Classes!,QBK Sports,2025-04-06,13:00:00,America/New_York,6,0,6,0,USD,0,0,0,0,0,0,0,0,0,0
Free Adult Indoor Beach Volleyball Classes!,QBK Sports,2025-04-08,18:00:00,America/New_York,8,0,8,0,USD,0,0,0,0,0,0,0,0,0,0
Free Adult Indoor Beach Volleyball Classes!,QBK Sports,2025-04-12,12:00:00,America/New_York,20,0,20,0,USD,0,0,0,0,0,0,0,0,0,0
Free Adult Indoor Beach Volleyball Classes!,QBK Sports,2025-04-15,18:00:00,America/New_York,17,0,17,0,USD,0,0,0,0,0,0,0,0,0,0
Free Adult Indoor Beach Volleyball Classes!,QBK Sports,2025-04-19,12:00:00,America/New_York,24,0,24,0,USD,0,0,0,0,0,0,0,0,0,0
Free Adult Indoor Beach Volleyball Classes!,QBK Sports,2025-04-20,13:00:00,America/New_York,21,0,21,0,USD,0,0,0,0,0,0,0,0,0,0
Free Adult Indoor Beach Volleyball Classes!,QBK Sports,2025-04-22,18:00:00,America/New_York,5,0,5,0,USD,0,0,0,0,0,0,0,0,0,0
Free Adult Indoor Beach Volleyball Classes!,QBK Sports,2025-04-26,12:00:00,America/New_York,13,0,13,0,USD,0,0,0,0,0,0,0,0,0,0
Free Adult Indoor Beach Volleyball Classes!,QBK Sports,2025-04-27,13:00:00,America/New_York,12,0,12,0,USD,0,0,0,0,0,0,0,0,0,0
Free Adult Indoor Beach Volleyball Classes!,QBK Sports,2025-05-03,12:00:00,America/New_York,18,0,18,0,USD,0,0,0,0,0,0,0,0,0,0
Free Adult Indoor Beach Volleyball Classes!,QBK Sports,2025-05-04,13:00:00,America/New_York,13,0,13,0,USD,0,0,0,0,0,0,0,0,0,0
Free Adult Indoor Beach Volleyball Classes!,QBK Sports,2025-05-06,18:00:00,America/New_York,8,0,8,0,USD,0,0,0,0,0,0,0,0,0,0
Free Adult Indoor Beach Volleyball Classes!,QBK Sports,2025-05-10,12:00:00,America/New_York,19,0,19,0,USD,0,0,0,0,0,0,0,0,0,0
Free Adult Indoor Beach Volleyball Classes!,QBK Sports,2025-05-11,13:00:00,America/New_York,3,0,3,0,USD,0,0,0,0,0,0,0,0,0,0
Free Adult Indoor Beach Volleyball Classes!,QBK Sports,2025-05-13,18:00:00,America/New_York,9,0,9,0,USD,0,0,0,0,0,0,0,0,0,0
Free Adult Indoor Beach Volleyball Classes!,QBK Sports,2025-05-17,12:00:00,America/New_York,22,0,22,0,USD,0,0,0,0,0,0,0,0,0,0
Free Adult Indoor Beach Volleyball Classes!,QBK Sports,2025-05-18,13:00:00,America/New_York,14,0,14,0,USD,0,0,0,0,0,0,0,0,0,0
Free Adult Indoor Beach Volleyball Classes!,QBK Sports,2025-05-20,18:00:00,America/New_York,9,0,9,0,USD,0,0,0,0,0,0,0,0,0,0
Free Adult Indoor Beach Volleyball Classes!,QBK Sports,2025-05-27,18:00:00,America/New_York,21,0,21,0,USD,0,0,0,0,0,0,0,0,0,0
Free Adult Indoor Beach Volleyball Classes!,QBK Sports,2025-05-31,12:00:00,America/New_York,29,0,29,0,USD,0,0,0,0,0,0,0,0,0,0
Free Adult Indoor Beach Volleyball Classes!,QBK Sports,2025-06-03,18:00:00,America/New_York,20,0,20,0,USD,0,0,0,0,0,0,0,0,0,0
Free Adult Indoor Beach Volleyball Classes!,QBK Sports,2025-06-07,12:00:00,America/New_York,30,0,30,0,USD,0,0,0,0,0,0,0,0,0,0
Free Adult Indoor Beach Volleyball Classes!,QBK Sports,2025-06-10,18:00:00,America/New_York,29,0,29,0,USD,0,0,0,0,0,0,0,0,0,0
Free Adult Indoor Beach Volleyball Classes!,QBK Sports,2025-06-14,12:00:00,America/New_York,28,0,28,0,USD,0,0,0,0,0,0,0,0,0,0
Free Adult Indoor Beach Volleyball Classes!,QBK Sports,2025-06-17,18:00:00,America/New_York,25,0,25,0,USD,0,0,0,0,0,0,0,0,0,0
Free Adult Indoor Beach Volleyball Classes!,QBK Sports,2025-06-19,18:00:00,America/New_York,7,0,7,0,USD,0,0,0,0,0,0,0,0,0,0
Free Adult Indoor Beach Volleyball Classes!,QBK Sports,2025-06-21,12:00:00,America/New_York,25,0,25,0,USD,0,0,0,0,0,0,0,0,0,0
Free Adult Indoor Beach Volleyball Classes!,QBK Sports,2025-06-24,18:00:00,America/New_York,7,0,7,0,USD,0,0,0,0,0,0,0,0,0,0
Free Adult Indoor Beach Volleyball Classes!,QBK Sports,2025-06-26,18:00:00,America/New_York,9,0,9,0,USD,0,0,0,0,0,0,0,0,0,0
Free Adult Indoor Beach Volleyball Classes!,QBK Sports,2025-06-28,12:00:00,America/New_York,23,0,23,0,USD,0,0,0,0,0,0,0,0,0,0
Free Adult Indoor Beach Volleyball Classes!,QBK Sports,2025-07-01,18:00:00,America/New_York,3,0,3,0,USD,0,0,0,0,0,0,0,0,0,0
Free Adult Indoor Beach Volleyball Classes!,QBK Sports,2025-07-03,18:00:00,America/New_York,14,0,14,0,USD,0,0,0,0,0,0,0,0,0,0
Free Adult Indoor Beach Volleyball Classes!,QBK Sports,2025-07-05,12:00:00,America/New_York,14,0,14,0,USD,0,0,0,0,0,0,0,0,0,0
Free Adult Indoor Beach Volleyball Classes!,QBK Sports,2025-07-08,18:00:00,America/New_York,14,0,14,0,USD,0,0,0,0,0,0,0,0,0,0
Free Adult Indoor Beach Volleyball Classes!,QBK Sports,2025-07-10,18:00:00,America/New_York,14,0,14,0,USD,0,0,0,0,0,0,0,0,0,0
Free Adult Indoor Beach Volleyball Classes!,QBK Sports,2025-07-12,12:00:00,America/New_York,19,0,19,0,USD,0,0,0,0,0,0,0,0,0,0
Free Adult Indoor Beach Volleyball Classes!,QBK Sports,2025-07-15,18:00:00,America/New_York,14,0,14,0,USD,0,0,0,0,0,0,0,0,0,0
Free Adult Indoor Beach Volleyball Classes!,QBK Sports,2025-07-17,18:00:00,America/New_York,10,0,10,0,USD,0,0,0,0,0,0,0,0,0,0
Free Adult Indoor Beach Volleyball Classes!,QBK Sports,2025-07-19,12:00:00,America/New_York,28,0,28,0,USD,0,0,0,0,0,0,0,0,0,0
Free Adult Indoor Beach Volleyball Classes!,QBK Sports,2025-07-22,18:00:00,America/New_York,28,0,28,0,USD,0,0,0,0,0,0,0,0,0,0
Free Adult Indoor Beach Volleyball Classes!,QBK Sports,2025-07-24,18:00:00,America/New_York,20,0,20,0,USD,0,0,0,0,0,0,0,0,0,0
Free Adult Indoor Beach Volleyball Classes!,QBK Sports,2025-07-26,12:00:00,America/New_York,30,0,30,0,USD,0,0,0,0,0,0,0,0,0,0
Free Adult Indoor Beach Volleyball Classes!,QBK Sports,2025-07-29,18:00:00,America/New_York,23,0,23,0,USD,0,0,0,0,0,0,0,0,0,0
Free Adult Indoor Beach Volleyball Classes!,QBK Sports,2025-07-31,18:00:00,America/New_York,19,0,19,0,USD,0,0,0,0,0,0,0,0,0,0
Free Adult Indoor Beach Volleyball Classes!,QBK Sports,2025-08-02,12:00:00,America/New_York,12,0,12,0,USD,0,0,0,0,0,0,0,0,0,0
Free Adult Indoor Beach Volleyball Classes!,QBK Sports,2025-08-05,18:00:00,America/New_York,19,0,19,0,USD,0,0,0,0,0,0,0,0,0,0
Free Adult Indoor Beach Volleyball Classes!,QBK Sports,2025-08-07,18:00:00,America/New_York,15,0,15,0,USD,0,0,0,0,0,0,0,0,0,0
Free Adult Indoor Beach Volleyball Classes!,QBK Sports,2025-08-09,12:00:00,America/New_York,0,0,0,0,USD,0,0,0,0,0,0,0,0,0,0
Free Adult Indoor Beach Volleyball Classes!,QBK Sports,2025-08-12,18:00:00,America/New_York,17,0,17,0,USD,0,0,0,0,0,0,0,0,0,0
Free Adult Indoor Beach Volleyball Classes!,QBK Sports,2025-08-14,18:00:00,America/New_York,15,0,15,0,USD,0,0,0,0,0,0,0,0,0,0
Free Adult Indoor Beach Volleyball Classes!,QBK Sports,2025-08-16,12:00:00,America/New_York,21,0,21,0,USD,0,0,0,0,0,0,0,0,0,0
Free Adult Indoor Beach Volleyball Classes!,QBK Sports,2025-08-19,18:00:00,America/New_York,30,0,30,0,USD,0,0,0,0,0,0,0,0,0,0
Free Adult Indoor Beach Volleyball Classes!,QBK Sports,2025-08-21,18:00:00,America/New_York,6,0,6,0,USD,0,0,0,0,0,0,0,0,0,0
Free Adult Indoor Beach Volleyball Classes!,QBK Sports,2025-08-23,12:00:00,America/New_York,29,0,29,0,USD,0,0,0,0,0,0,0,0,0,0
Free Adult Indoor Beach Volleyball Classes!,QBK Sports,2025-08-26,18:00:00,America/New_York,15,0,15,0,USD,0,0,0,0,0,0,0,0,0,0
Free Adult Indoor Beach Volleyball Classes!,QBK Sports,2025-08-28,18:00:00,America/New_York,24,0,24,0,USD,0,0,0,0,0,0,0,0,0,0
Free Adult Indoor Beach Volleyball Classes!,QBK Sports,2025-08-30,12:00:00,America/New_York,29,0,29,0,USD,0,0,0,0,0,0,0,0,0,0
Free Adult Indoor Beach Volleyball Classes!,QBK Sports,2025-09-02,18:00:00,America/New_York,16,0,16,0,USD,0,0,0,0,0,0,0,0,0,0
Free Adult Indoor Beach Volleyball Classes!,QBK Sports,2025-09-03,18:00:00,America/New_York,8,0,8,0,USD,0,0,0,0,0,0,0,0,0,0
Free Adult Indoor Beach Volleyball Classes!,QBK Sports,2025-09-06,12:00:00,America/New_York,20,0,20,0,USD,0,0,0,0,0,0,0,0,0,0
Free Adult Indoor Beach Volleyball Classes!,QBK Sports,2025-09-09,18:00:00,America/New_York,11,0,11,0,USD,0,0,0,0,0,0,0,0,0,0
Free Adult Indoor Beach Volleyball Classes!,QBK Sports,2025-09-10,18:00:00,America/New_York,12,0,12,0,USD,0,0,0,0,0,0,0,0,0,0
Free Adult Indoor Beach Volleyball Classes!,QBK Sports,2025-09-13,12:00:00,America/New_York,17,0,17,0,USD,0,0,0,0,0,0,0,0,0,0
Free Adult Indoor Beach Volleyball Classes!,QBK Sports,2025-09-16,18:00:00,America/New_York,14,0,14,0,USD,0,0,0,0,0,0,0,0,0,0
Free Adult Indoor Beach Volleyball Classes!,QBK Sports,2025-09-17,18:00:00,America/New_York,8,0,8,0,USD,0,0,0,0,0,0,0,0,0,0
Free Adult Indoor Beach Volleyball Classes!,QBK Sports,2025-09-20,12:00:00,America/New_York,21,0,21,0,USD,0,0,0,0,0,0,0,0,0,0
Free Adult Indoor Beach Volleyball Classes!,QBK Sports,2025-09-23,18:00:00,America/New_York,24,0,24,0,USD,0,0,0,0,0,0,0,0,0,0
Free Adult Indoor Beach Volleyball Classes!,QBK Sports,2025-09-24,18:00:00,America/New_York,17,0,17,0,USD,0,0,0,0,0,0,0,0,0,0
Free Adult Indoor Beach Volleyball Classes!,QBK Sports,2025-09-27,12:00:00,America/New_York,21,0,21,0,USD,0,0,0,0,0,0,0,0,0,0
Free Adult Indoor Beach Volleyball Classes!,QBK Sports,2025-09-30,18:00:00,America/New_York,16,0,16,0,USD,0,0,0,0,0,0,0,0,0,0
Free Adult Indoor Beach Volleyball Classes!,QBK Sports,2025-10-01,18:00:00,America/New_York,5,0,5,0,USD,0,0,0,0,0,0,0,0,0,0
Free Adult Indoor Beach Volleyball Classes!,QBK Sports,2025-10-04,12:00:00,America/New_York,22,0,22,0,USD,0,0,0,0,0,0,0,0,0,0
Free Adult Indoor Beach Volleyball Classes!,QBK Sports,2025-10-07,18:00:00,America/New_York,8,0,8,0,USD,0,0,0,0,0,0,0,0,0,0
Free Adult Indoor Beach Volleyball Classes!,QBK Sports,2025-10-08,18:00:00,America/New_York,12,0,12,0,USD,0,0,0,0,0,0,0,0,0,0
Free Adult Indoor Beach Volleyball Classes!,QBK Sports,2025-10-11,12:00:00,America/New_York,19,0,19,0,USD,0,0,0,0,0,0,0,0,0,0
Free Adult Indoor Beach Volleyball Classes!,QBK Sports,2025-10-14,18:00:00,America/New_York,8,0,8,0,USD,0,0,0,0,0,0,0,0,0,0
Free Adult Indoor Beach Volleyball Classes!,QBK Sports,2025-10-15,18:00:00,America/New_York,5,0,5,0,USD,0,0,0,0,0,0,0,0,0,0
Free Adult Indoor Beach Volleyball Classes!,QBK Sports,2025-10-18,12:00:00,America/New_York,30,0,30,0,USD,0,0,0,0,0,0,0,0,0,0
Free Adult Indoor Beach Volleyball Classes!,QBK Sports,2025-10-21,18:00:00,America/New_York,9,0,9,0,USD,0,0,0,0,0,0,0,0,0,0
Free Adult Indoor Beach Volleyball Classes!,QBK Sports,2025-10-22,18:00:00,America/New_York,17,0,17,0,USD,0,0,0,0,0,0,0,0,0,0
Free Adult Indoor Beach Volleyball Classes!,QBK Sports,2025-10-25,12:00:00,America/New_York,12,0,12,0,USD,0,0,0,0,0,0,0,0,0,0
Free Adult Indoor Beach Volleyball Classes!,QBK Sports,2025-10-28,18:00:00,America/New_York,26,0,26,0,USD,0,0,0,0,0,0,0,0,0,0
Free Adult Indoor Beach Volleyball Classes!,QBK Sports,2025-10-29,18:00:00,America/New_York,3,0,3,0,USD,0,0,0,0,0,0,0,0,0,0
Free Adult Indoor Beach Volleyball Classes!,QBK Sports,2025-11-01,12:00:00,America/New_York,12,0,12,0,USD,0,0,0,0,0,0,0,0,0,0
Free Adult Indoor Beach Volleyball Classes!,QBK Sports,2025-11-04,18:00:00,America/New_York,13,0,13,0,USD,0,0,0,0,0,0,0,0,0,0
Free Adult Indoor Beach Volleyball Classes!,QBK Sports,2025-11-05,18:00:00,America/New_York,9,0,9,0,USD,0,0,0,0,0,0,0,0,0,0
Free Adult Indoor Beach Volleyball Classes!,QBK Sports,2025-11-08,12:00:00,America/New_York,20,0,20,0,USD,0,0,0,0,0,0,0,0,0,0
Free Adult Indoor Beach Volleyball Classes!,QBK Sports,2025-11-11,18:00:00,America/New_York,17,0,17,0,USD,0,0,0,0,0,0,0,0,0,0
Free Adult Indoor Beach Volleyball Classes!,QBK Sports,2025-11-12,18:00:00,America/New_York,12,0,12,0,USD,0,0,0,0,0,0,0,0,0,0
Free Adult Indoor Beach Volleyball Classes!,QBK Sports,2025-11-15,12:00:00,America/New_York,20,0,20,0,USD,0,0,0,0,0,0,0,0,0,0
Free Adult Indoor Beach Volleyball Classes!,QBK Sports,2025-11-18,18:00:00,America/New_York,24,0,24,0,USD,0,0,0,0,0,0,0,0,0,0
Free Adult Indoor Beach Volleyball Classes!,QBK Sports,2025-11-19,18:00:00,America/New_York,14,0,14,0,USD,0,0,0,0,0,0,0,0,0,0
Free Adult Indoor Beach Volleyball Classes!,QBK Sports,2025-11-22,12:00:00,America/New_York,25,0,25,0,USD,0,0,0,0,0,0,0,0,0,0
Free Adult Indoor Beach Volleyball Classes!,QBK Sports,2025-11-25,18:00:00,America/New_York,22,0,22,0,USD,0,0,0,0,0,0,0,0,0,0
Free Adult Indoor Beach Volleyball Classes!,QBK Sports,2025-11-26,18:00:00,America/New_York,12,0,12,0,USD,0,0,0,0,0,0,0,0,0,0
Free Adult Indoor Beach Volleyball Classes!,QBK Sports,2025-11-29,12:00:00,America/New_York,27,0,27,0,USD,0,0,0,0,0,0,0,0,0,0
Free Adult Indoor Beach Volleyball Classes!,QBK Sports,2025-12-02,18:00:00,America/New_York,23,0,23,0,USD,0,0,0,0,0,0,0,0,0,0
Free Adult Indoor Beach Volleyball Classes!,QBK Sports,2025-12-03,18:00:00,America/New_York,24,0,24,0,USD,0,0,0,0,0,0,0,0,0,0
Free Adult Indoor Beach Volleyball Classes!,QBK Sports,2025-12-06,12:00:00,America/New_York,22,0,22,0,USD,0,0,0,0,0,0,0,0,0,0
Free Adult Indoor Beach Volleyball Classes!,QBK Sports,2025-12-09,18:00:00,America/New_York,15,0,15,0,USD,0,0,0,0,0,0,0,0,0,0
Free Adult Indoor Beach Volleyball Classes!,QBK Sports,2025-12-10,18:00:00,America/New_York,25,0,25,0,USD,0,0,0,0,0,0,0,0,0,0
Free Adult Indoor Beach Volleyball Classes!,QBK Sports,2025-12-13,12:00:00,America/New_York,30,0,30,0,USD,0,0,0,0,0,0,0,0,0,0
Free Adult Indoor Beach Volleyball Classes!,QBK Sports,2025-12-17,18:00:00,America/New_York,20,0,20,0,USD,0,0,0,0,0,0,0,0,0,0
Free Adult Indoor Beach Volleyball Classes!,QBK Sports,2025-12-20,12:00:00,America/New_York,29,0,29,0,USD,0,0,0,0,0,0,0,0,0,0
Free Adult Indoor Beach Volleyball Classes!,QBK Sports,2025-12-23,18:00:00,America/New_York,24,0,24,0,USD,0,0,0,0,0,0,0,0,0,0
Free Adult Indoor Beach Volleyball Classes!,QBK Sports,2025-12-27,12:00:00,America/New_York,30,0,30,0,USD,0,0,0,0,0,0,0,0,0,0
Free Adult Indoor Beach Volleyball Classes!,QBK Sports,2025-12-30,18:00:00,America/New_York,25,0,25,0,USD,0,0,0,0,0,0,0,0,0,0
Free Adult Indoor Beach Volleyball Classes!,QBK Sports,2026-01-03,12:00:00,America/New_York,24,0,24,0,USD,0,0,0,0,0,0,0,0,0,0
Free Adult Indoor Beach Volleyball Classes!,QBK Sports,2026-01-04,13:00:00,America/New_York,25,0,25,0,USD,0,0,0,0,0,0,0,0,0,0
Free Adult Indoor Beach Volleyball Classes!,QBK Sports,2026-01-06,18:00:00,America/New_York,20,0,20,0,USD,0,0,0,0,0,0,0,0,0,0
Free Adult Indoor Beach Volleyball Classes!,QBK Sports,2026-01-07,18:00:00,America/New_York,22,0,22,0,USD,0,0,0,0,0,0,0,0,0,0
Free Adult Indoor Beach Volleyball Classes!,QBK Sports,2026-01-10,12:00:00,America/New_York,24,0,24,0,USD,0,0,0,0,0,0,0,0,0,0
Free Adult Indoor Beach Volleyball Classes!,QBK Sports,2026-01-11,13:00:00,America/New_York,22,0,22,0,USD,0,0,0,0,0,0,0,0,0,0
Free Adult Indoor Beach Volleyball Classes!,QBK Sports,2026-01-13,18:00:00,America/New_York,20,0,20,0,USD,0,0,0,0,0,0,0,0,0,0
Free Adult Indoor Beach Volleyball Classes!,QBK Sports,2026-01-14,18:00:00,America/New_York,24,0,24,0,USD,0,0,0,0,0,0,0,0,0,0
Free Adult Indoor Beach Volleyball Classes!,QBK Sports,2026-01-17,12:00:00,America/New_York,25,0,25,0,USD,0,0,0,0,0,0,0,0,0,0
Free Adult Indoor Beach Volleyball Classes!,QBK Sports,2026-01-18,13:00:00,America/New_York,25,0,25,0,USD,0,0,0,0,0,0,0,0,0,0
Free Adult Indoor Beach Volleyball Classes!,QBK Sports,2026-01-20,18:00:00,America/New_York,24,0,24,0,USD,0,0,0,0,0,0,0,0,0,0
Free Adult Indoor Beach Volleyball Classes!,QBK Sports,2026-01-21,18:00:00,America/New_York,25,0,25,0,USD,0,0,0,0,0,0,0,0,0,0
Free Adult Indoor Beach Volleyball Classes!,QBK Sports,2026-01-24,12:00:00,America/New_York,25,0,25,0,USD,0,0,0,0,0,0,0,0,0,0
Free Adult Indoor Beach Volleyball Classes!,QBK Sports,2026-01-25,13:00:00,America/New_York,0,0,0,0,USD,0,0,0,0,0,0,0,0,0,0
Free Adult Indoor Beach Volleyball Classes!,QBK Sports,2026-01-27,18:00:00,America/New_York,23,0,23,0,USD,0,0,0,0,0,0,0,0,0,0
Free Adult Indoor Beach Volleyball Classes!,QBK Sports,2026-01-28,18:00:00,America/New_York,25,0,25,0,USD,0,0,0,0,0,0,0,0,0,0
Free Adult Indoor Beach Volleyball Classes!,QBK Sports,2026-01-31,12:00:00,America/New_York,23,0,23,0,USD,0,0,0,0,0,0,0,0,0,0
Free Adult Indoor Beach Volleyball Classes!,QBK Sports,2026-02-01,13:00:00,America/New_York,22,0,22,0,USD,0,0,0,0,0,0,0,0,0,0
Free Adult Indoor Beach Volleyball Classes!,QBK Sports,2026-02-03,18:00:00,America/New_York,22,0,22,0,USD,0,0,0,0,0,0,0,0,0,0
Free Adult Indoor Beach Volleyball Classes!,QBK Sports,2026-02-04,18:00:00,America/New_York,19,0,19,0,USD,0,0,0,0,0,0,0,0,0,0
Free Adult Indoor Beach Volleyball Classes!,QBK Sports,2026-02-07,12:00:00,America/New_York,24,0,24,0,USD,0,0,0,0,0,0,0,0,0,0
Free Adult Indoor Beach Volleyball Classes!,QBK Sports,2026-02-08,13:00:00,America/New_York,23,0,23,0,USD,0,0,0,0,0,0,0,0,0,0
Free Adult Indoor Beach Volleyball Classes!,QBK Sports,2026-02-10,18:00:00,America/New_York,21,0,21,0,USD,0,0,0,0,0,0,0,0,0,0
Free Adult Indoor Beach Volleyball Classes!,QBK Sports,2026-02-11,18:00:00,America/New_York,17,0,17,0,USD,0,0,0,0,0,0,0,0,0,0
Free Adult Indoor Beach Volleyball Classes!,QBK Sports,2026-02-14,12:00:00,America/New_York,24,0,24,0,USD,0,0,0,0,0,0,0,0,0,0
Free Adult Indoor Beach Volleyball Classes!,QBK Sports,2026-02-15,13:00:00,America/New_York,23,0,23,0,USD,0,0,0,0,0,0,0,0,0,0
Free Adult Indoor Beach Volleyball Classes!,QBK Sports,2026-02-16,18:00:00,America/New_York,16,0,16,0,USD,0,0,0,0,0,0,0,0,0,0
Free Adult Indoor Beach Volleyball Classes!,QBK Sports,2026-02-16,19:00:00,America/New_York,8,0,8,0,USD,0,0,0,0,0,0,0,0,0,0
Free Adult Indoor Beach Volleyball Classes!,QBK Sports,2026-02-17,18:00:00,America/New_York,12,0,12,0,USD,0,0,0,0,0,0,0,0,0,0
Free Adult Indoor Beach Volleyball Classes!,QBK Sports,2026-02-18,18:00:00,America/New_York,11,0,11,0,USD,0,0,0,0,0,0,0,0,0,0
Free Adult Indoor Beach Volleyball Classes!,QBK Sports,2026-02-21,12:00:00,America/New_York,20,0,20,0,USD,0,0,0,0,0,0,0,0,0,0
Free Adult Indoor Beach Volleyball Classes!,QBK Sports,2026-02-22,13:00:00,America/New_York,12,0,12,0,USD,0,0,0,0,0,0,0,0,0,0
Free Adult Indoor Beach Volleyball Classes!,QBK Sports,2026-02-24,18:00:00,America/New_York,12,0,12,0,USD,0,0,0,0,0,0,0,0,0,0
Free Adult Indoor Beach Volleyball Classes!,QBK Sports,2026-02-28,12:00:00,America/New_York,19,0,19,0,USD,0,0,0,0,0,0,0,0,0,0
Free Adult Indoor Beach Volleyball Classes!,QBK Sports,2026-03-01,13:00:00,America/New_York,19,0,19,0,USD,0,0,0,0,0,0,0,0,0,0
Free Adult Indoor Beach Volleyball Classes!,QBK Sports,2026-03-04,18:00:00,America/New_York,15,0,15,0,USD,0,0,0,0,0,0,0,0,0,0
Free Adult Indoor Beach Volleyball Classes!,QBK Sports,2026-03-04,19:00:00,America/New_York,8,0,8,0,USD,0,0,0,0,0,0,0,0,0,0
Free Adult Indoor Beach Volleyball Classes!,QBK Sports,2026-03-05,18:00:00,America/New_York,11,0,11,0,USD,0,0,0,0,0,0,0,0,0,0
Free Adult Indoor Beach Volleyball Classes!,QBK Sports,2026-03-07,12:00:00,America/New_York,18,0,18,0,USD,0,0,0,0,0,0,0,0,0,0
Free Adult Indoor Beach Volleyball Classes!,QBK Sports,2026-03-08,13:00:00,America/New_York,23,0,23,0,USD,0,0,0,0,0,0,0,0,0,0
Free Adult Indoor Beach Volleyball Classes!,QBK Sports,2026-03-10,18:00:00,America/New_York,21,0,21,0,USD,0,0,0,0,0,0,0,0,0,0
Free Adult Indoor Beach Volleyball Classes!,QBK Sports,2026-03-11,18:00:00,America/New_York,15,0,15,0,USD,0,0,0,0,0,0,0,0,0,0
Free Adult Indoor Beach Volleyball Classes!,QBK Sports,2026-03-14,12:00:00,America/New_York,19,0,19,0,USD,0,0,0,0,0,0,0,0,0,0
Free Adult Indoor Beach Volleyball Classes!,QBK Sports,2026-03-15,13:00:00,America/New_York,19,0,19,0,USD,0,0,0,0,0,0,0,0,0,0
Free Adult Indoor Beach Volleyball Classes!,QBK Sports,2026-03-17,18:00:00,America/New_York,12,0,12,0,USD,0,0,0,0,0,0,0,0,0,0
Free Adult Indoor Beach Volleyball Classes!,QBK Sports,2026-03-18,18:00:00,America/New_York,10,0,10,0,USD,0,0,0,0,0,0,0,0,0,0
Free Adult Indoor Beach Volleyball Classes!,QBK Sports,2026-03-21,12:00:00,America/New_York,15,0,15,0,USD,0,0,0,0,0,0,0,0,0,0
Free Adult Indoor Beach Volleyball Classes!,QBK Sports,2026-03-22,13:00:00,America/New_York,18,0,18,0,USD,0,0,0,0,0,0,0,0,0,0
Free Adult Indoor Beach Volleyball Classes!,QBK Sports,2026-03-24,18:00:00,America/New_York,6,0,6,0,USD,0,0,0,0,0,0,0,0,0,0
Free Adult Indoor Beach Volleyball Classes!,QBK Sports,2026-03-25,18:00:00,America/New_York,12,0,12,0,USD,0,0,0,0,0,0,0,0,0,0
Free Adult Indoor Beach Volleyball Classes!,QBK Sports,2026-03-28,12:00:00,America/New_York,17,0,17,0,USD,0,0,0,0,0,0,0,0,0,0
Free Adult Indoor Beach Volleyball Classes!,QBK Sports,2026-03-29,13:00:00,America/New_York,20,0,20,0,USD,0,0,0,0,0,0,0,0,0,0
Free Adult Indoor Beach Volleyball Classes!,QBK Sports,2026-03-31,18:00:00,America/New_York,19,0,19,0,USD,0,0,0,0,0,0,0,0,0,0
Free Adult Indoor Beach Volleyball Classes!,QBK Sports,2026-04-01,18:00:00,America/New_York,15,0,15,0,USD,0,0,0,0,0,0,0,0,0,0
Free Adult Indoor Beach Volleyball Classes!,QBK Sports,2026-04-01,19:00:00,America/New_York,7,0,7,0,USD,0,0,0,0,0,0,0,0,0,0
Free Adult Indoor Beach Volleyball Classes!,QBK Sports,2026-04-02,18:00:00,America/New_York,18,0,18,0,USD,0,0,0,0,0,0,0,0,0,0
Free Adult Indoor Beach Volleyball Classes!,QBK Sports,2026-04-04,12:00:00,America/New_York,18,0,18,0,USD,0,0,0,0,0,0,0,0,0,0
Free Adult Indoor Beach Volleyball Classes!,QBK Sports,2026-04-05,13:00:00,America/New_York,19,0,19,0,USD,0,0,0,0,0,0,0,0,0,0
Free Adult Indoor Beach Volleyball Classes!,QBK Sports,2026-04-07,18:00:00,America/New_York,17,0,17,0,USD,0,0,0,0,0,0,0,0,0,0
Free Adult Indoor Beach Volleyball Classes!,QBK Sports,2026-04-08,18:00:00,America/New_York,17,0,17,0,USD,0,0,0,0,0,0,0,0,0,0
Free Adult Indoor Beach Volleyball Classes!,QBK Sports,2026-04-11,12:00:00,America/New_York,24,0,24,0,USD,0,0,0,0,0,0,0,0,0,0
Free Adult Indoor Beach Volleyball Classes!,QBK Sports,2026-04-12,13:00:00,America/New_York,21,0,21,0,USD,0,0,0,0,0,0,0,0,0,0
Free Adult Indoor Beach Volleyball Classes!,QBK Sports,2026-04-14,18:00:00,America/New_York,18,0,18,0,USD,0,0,0,0,0,0,0,0,0,0
Free Adult Indoor Beach Volleyball Classes!,QBK Sports,2026-04-15,18:00:00,America/New_York,19,0,19,0,USD,0,0,0,0,0,0,0,0,0,0
Free Adult Indoor Beach Volleyball Classes!,QBK Sports,2026-04-18,12:00:00,America/New_York,20,0,20,0,USD,0,0,0,0,0,0,0,0,0,0
Free Adult Indoor Beach Volleyball Classes!,QBK Sports,2026-04-19,13:00:00,America/New_York,18,0,18,0,USD,0,0,0,0,0,0,0,0,0,0
Free Adult Indoor Beach Volleyball Classes!,QBK Sports,2026-04-21,18:00:00,America/New_York,20,0,20,0,USD,0,0,0,0,0,0,0,0,0,0
Free Adult Indoor Beach Volleyball Classes!,QBK Sports,2026-04-22,18:00:00,America/New_York,16,0,16,0,USD,0,0,0,0,0,0,0,0,0,0
Free Adult Indoor Beach Volleyball Classes!,QBK Sports,2026-04-25,12:00:00,America/New_York,20,0,20,0,USD,0,0,0,0,0,0,0,0,0,0
Free Adult Indoor Beach Volleyball Classes!,QBK Sports,2026-04-26,13:00:00,America/New_York,18,0,18,0,USD,0,0,0,0,0,0,0,0,0,0
Free Adult Indoor Beach Volleyball Classes!,QBK Sports,2026-04-28,18:00:00,America/New_York,17,0,17,0,USD,0,0,0,0,0,0,0,0,0,0
Free Adult Indoor Beach Volleyball Classes!,QBK Sports,2026-04-29,18:00:00,America/New_York,20,0,20,0,USD,0,0,0,0,0,0,0,0,0,0
Free Adult Indoor Beach Volleyball Classes!,QBK Sports,2026-05-02,12:00:00,America/New_York,22,0,22,0,USD,0,0,0,0,0,0,0,0,0,0
Free Adult Indoor Beach Volleyball Classes!,QBK Sports,2026-05-03,13:00:00,America/New_York,24,0,24,0,USD,0,0,0,0,0,0,0,0,0,0
Free Adult Indoor Beach Volleyball Classes!,QBK Sports,2026-05-05,18:00:00,America/New_York,18,0,18,0,USD,0,0,0,0,0,0,0,0,0,0
Free Adult Indoor Beach Volleyball Classes!,QBK Sports,2026-05-05,19:00:00,America/New_York,15,0,15,0,USD,0,0,0,0,0,0,0,0,0,0
Free Adult Indoor Beach Volleyball Classes!,QBK Sports,2026-05-09,12:00:00,America/New_York,22,0,22,0,USD,0,0,0,0,0,0,0,0,0,0
Free Adult Indoor Beach Volleyball Classes!,QBK Sports,2026-05-10,13:00:00,America/New_York,21,0,21,0,USD,0,0,0,0,0,0,0,0,0,0
Free Adult Indoor Beach Volleyball Classes!,QBK Sports,2026-05-12,18:00:00,America/New_York,17,0,17,0,USD,0,0,0,0,0,0,0,0,0,0
Free Adult Indoor Beach Volleyball Classes!,QBK Sports,2026-05-13,18:00:00,America/New_York,23,0,23,0,USD,0,0,0,0,0,0,0,0,0,0
Free Adult Indoor Beach Volleyball Classes!,QBK Sports,2026-05-16,12:00:00,America/New_York,24,0,24,0,USD,0,0,0,0,0,0,0,0,0,0
Free Adult Indoor Beach Volleyball Classes!,QBK Sports,2026-05-19,18:00:00,America/New_York,19,0,19,0,USD,0,0,0,0,0,0,0,0,0,0
Free Adult Indoor Beach Volleyball Classes!,QBK Sports,2026-05-20,18:00:00,America/New_York,25,0,25,0,USD,0,0,0,0,0,0,0,0,0,0
Free Adult Indoor Beach Volleyball Classes!,QBK Sports,2026-05-23,12:00:00,America/New_York,24,0,24,0,USD,0,0,0,0,0,0,0,0,0,0
Free Adult Indoor Beach Volleyball Classes!,QBK Sports,2026-05-24,13:00:00,America/New_York,24,0,24,0,USD,0,0,0,0,0,0,0,0,0,0
Free Adult Indoor Beach Volleyball Classes!,QBK Sports,2026-05-26,18:00:00,America/New_York,18,0,18,0,USD,0,0,0,0,0,0,0,0,0,0
Free Adult Indoor Beach Volleyball Classes!,QBK Sports,2026-05-27,18:00:00,America/New_York,25,0,25,0,USD,0,0,0,0,0,0,0,0,0,0
Free Adult Indoor Beach Volleyball Classes!,QBK Sports,2026-06-02,18:00:00,America/New_York,18,0,18,0,USD,0,0,0,0,0,0,0,0,0,0
Free Adult Indoor Beach Volleyball Classes!,QBK Sports,2026-06-03,18:00:00,America/New_York,14,0,14,0,USD,0,0,0,0,0,0,0,0,0,0
Free Adult Indoor Beach Volleyball Classes!,QBK Sports,2026-06-04,18:00:00,America/New_York,13,0,13,0,USD,0,0,0,0,0,0,0,0,0,0
Free Adult Indoor Beach Volleyball Classes!,QBK Sports,2026-06-07,13:00:00,America/New_York,23,0,23,0,USD,0,0,0,0,0,0,0,0,0,0
Free Adult Indoor Beach Volleyball Classes!,QBK Sports,2026-06-09,18:00:00,America/New_York,25,0,25,0,USD,0,0,0,0,0,0,0,0,0,0
Free Adult Indoor Beach Volleyball Classes!,QBK Sports,2026-06-10,18:00:00,America/New_York,25,0,25,0,USD,0,0,0,0,0,0,0,0,0,0
Free Adult Indoor Beach Volleyball Classes!,QBK Sports,2026-06-11,18:00:00,America/New_York,19,0,19,0,USD,0,0,0,0,0,0,0,0,0,0
Free Adult Indoor Beach Volleyball Classes!,QBK Sports,2026-06-13,12:00:00,America/New_York,24,0,24,0,USD,0,0,0,0,0,0,0,0,0,0
Free Adult Indoor Beach Volleyball Classes!,QBK Sports,2026-06-14,13:00:00,America/New_York,24,0,24,0,USD,0,0,0,0,0,0,0,0,0,0
Free Adult Indoor Beach Volleyball Classes!,QBK Sports,2026-06-16,18:00:00,America/New_York,14,0,14,0,USD,0,0,0,0,0,0,0,0,0,0
Free Adult Indoor Beach Volleyball Classes!,QBK Sports,2026-06-17,18:00:00,America/New_York,19,0,19,0,USD,0,0,0,0,0,0,0,0,0,0
Free Adult Indoor Beach Volleyball Classes!,QBK Sports,2026-06-18,18:00:00,America/New_York,9,0,9,0,USD,0,0,0,0,0,0,0,0,0,0
Free Adult Indoor Beach Volleyball Classes!,QBK Sports,2026-06-21,13:00:00,America/New_York,25,0,25,0,USD,0,0,0,0,0,0,0,0,0,0
Free Adult Indoor Beach Volleyball Classes!,QBK Sports,2026-06-23,18:00:00,America/New_York,5,0,5,0,USD,0,0,0,0,0,0,0,0,0,0
Free Adult Indoor Beach Volleyball Classes!,QBK Sports,2026-06-24,18:00:00,America/New_York,4,0,4,0,USD,0,0,0,0,0,0,0,0,0,0
Free Adult Indoor Beach Volleyball Classes!,QBK Sports,2026-06-25,18:00:00,America/New_York,4,0,4,0,USD,0,0,0,0,0,0,0,0,0,0
Free Adult Indoor Beach Volleyball Classes!,QBK Sports,2026-06-27,12:00:00,America/New_York,18,0,18,0,USD,0,0,0,0,0,0,0,0,0,0
Free Adult Indoor Beach Volleyball Classes!,QBK Sports,2026-06-28,13:00:00,America/New_York,3,0,3,0,USD,0,0,0,0,0,0,0,0,0,0
TOTALS,,,,,7105,0,7105,0,,0,0,0,0,0,0,0,0,0,0
